[
{
  "model": "admin.logentry",
  "pk": 1,
  "fields": {
    "action_time": "2021-10-24T12:44:10.797",
    "user": 1,
    "content_type": 7,
    "object_id": "2",
    "object_repr": "Jose",
    "action_flag": 1,
    "change_message": "[{\"added\": {}}]"
  }
},
{
  "model": "admin.logentry",
  "pk": 2,
  "fields": {
    "action_time": "2022-01-11T23:49:42.760",
    "user": 1,
    "content_type": 3,
    "object_id": "1",
    "object_repr": "donantes",
    "action_flag": 1,
    "change_message": "[{\"added\": {}}]"
  }
},
{
  "model": "admin.logentry",
  "pk": 3,
  "fields": {
    "action_time": "2022-01-11T23:50:00.042",
    "user": 1,
    "content_type": 3,
    "object_id": "2",
    "object_repr": "Instituciones",
    "action_flag": 1,
    "change_message": "[{\"added\": {}}]"
  }
},
{
  "model": "admin.logentry",
  "pk": 4,
  "fields": {
    "action_time": "2022-01-11T23:51:39.269",
    "user": 1,
    "content_type": 4,
    "object_id": "2",
    "object_repr": "Estanislao",
    "action_flag": 1,
    "change_message": "[{\"added\": {}}]"
  }
},
{
  "model": "admin.logentry",
  "pk": 5,
  "fields": {
    "action_time": "2022-01-11T23:51:57.853",
    "user": 1,
    "content_type": 4,
    "object_id": "2",
    "object_repr": "Estanislao",
    "action_flag": 2,
    "change_message": "[{\"changed\": {\"fields\": [\"Groups\"]}}]"
  }
},
{
  "model": "admin.logentry",
  "pk": 6,
  "fields": {
    "action_time": "2022-01-26T18:39:43.536",
    "user": 1,
    "content_type": 4,
    "object_id": "2",
    "object_repr": "lvachino",
    "action_flag": 2,
    "change_message": "[{\"changed\": {\"fields\": [\"Username\", \"First name\", \"Last name\", \"Email address\"]}}]"
  }
},
{
  "model": "admin.logentry",
  "pk": 7,
  "fields": {
    "action_time": "2022-01-26T18:40:14.593",
    "user": 1,
    "content_type": 4,
    "object_id": "3",
    "object_repr": "lsch",
    "action_flag": 2,
    "change_message": "[{\"changed\": {\"fields\": [\"Username\", \"First name\", \"Last name\", \"Email address\"]}}]"
  }
},
{
  "model": "admin.logentry",
  "pk": 8,
  "fields": {
    "action_time": "2022-01-26T18:42:08.485",
    "user": 1,
    "content_type": 4,
    "object_id": "4",
    "object_repr": "aleAle",
    "action_flag": 1,
    "change_message": "[{\"added\": {}}]"
  }
},
{
  "model": "admin.logentry",
  "pk": 9,
  "fields": {
    "action_time": "2022-01-26T18:42:23.267",
    "user": 1,
    "content_type": 4,
    "object_id": "4",
    "object_repr": "aleAle",
    "action_flag": 2,
    "change_message": "[{\"changed\": {\"fields\": [\"First name\", \"Last name\", \"Email address\"]}}]"
  }
},
{
  "model": "admin.logentry",
  "pk": 10,
  "fields": {
    "action_time": "2022-01-26T18:42:45.368",
    "user": 1,
    "content_type": 4,
    "object_id": "5",
    "object_repr": "agut",
    "action_flag": 1,
    "change_message": "[{\"added\": {}}]"
  }
},
{
  "model": "admin.logentry",
  "pk": 11,
  "fields": {
    "action_time": "2022-01-26T18:43:01.050",
    "user": 1,
    "content_type": 4,
    "object_id": "5",
    "object_repr": "agut",
    "action_flag": 2,
    "change_message": "[{\"changed\": {\"fields\": [\"First name\", \"Last name\", \"Email address\"]}}]"
  }
},
{
  "model": "admin.logentry",
  "pk": 12,
  "fields": {
    "action_time": "2022-01-26T18:43:31.559",
    "user": 1,
    "content_type": 8,
    "object_id": "5",
    "object_repr": "agustin",
    "action_flag": 2,
    "change_message": "[{\"changed\": {\"fields\": [\"Id_usuario\"]}}]"
  }
},
{
  "model": "admin.logentry",
  "pk": 13,
  "fields": {
    "action_time": "2022-01-26T18:43:37.506",
    "user": 1,
    "content_type": 8,
    "object_id": "4",
    "object_repr": "ale",
    "action_flag": 2,
    "change_message": "[{\"changed\": {\"fields\": [\"Id_usuario\"]}}]"
  }
},
{
  "model": "admin.logentry",
  "pk": 14,
  "fields": {
    "action_time": "2022-01-26T18:43:45.141",
    "user": 1,
    "content_type": 8,
    "object_id": "2",
    "object_repr": "leon",
    "action_flag": 2,
    "change_message": "[{\"changed\": {\"fields\": [\"Id_usuario\"]}}]"
  }
},
{
  "model": "admin.logentry",
  "pk": 15,
  "fields": {
    "action_time": "2022-01-26T18:43:50.680",
    "user": 1,
    "content_type": 8,
    "object_id": "1",
    "object_repr": "Lucas",
    "action_flag": 2,
    "change_message": "[{\"changed\": {\"fields\": [\"Id_usuario\"]}}]"
  }
},
{
  "model": "auth.permission",
  "pk": 1,
  "fields": {
    "name": "Can add log entry",
    "content_type": 1,
    "codename": "add_logentry"
  }
},
{
  "model": "auth.permission",
  "pk": 2,
  "fields": {
    "name": "Can change log entry",
    "content_type": 1,
    "codename": "change_logentry"
  }
},
{
  "model": "auth.permission",
  "pk": 3,
  "fields": {
    "name": "Can delete log entry",
    "content_type": 1,
    "codename": "delete_logentry"
  }
},
{
  "model": "auth.permission",
  "pk": 4,
  "fields": {
    "name": "Can view log entry",
    "content_type": 1,
    "codename": "view_logentry"
  }
},
{
  "model": "auth.permission",
  "pk": 5,
  "fields": {
    "name": "Can add permission",
    "content_type": 2,
    "codename": "add_permission"
  }
},
{
  "model": "auth.permission",
  "pk": 6,
  "fields": {
    "name": "Can change permission",
    "content_type": 2,
    "codename": "change_permission"
  }
},
{
  "model": "auth.permission",
  "pk": 7,
  "fields": {
    "name": "Can delete permission",
    "content_type": 2,
    "codename": "delete_permission"
  }
},
{
  "model": "auth.permission",
  "pk": 8,
  "fields": {
    "name": "Can view permission",
    "content_type": 2,
    "codename": "view_permission"
  }
},
{
  "model": "auth.permission",
  "pk": 9,
  "fields": {
    "name": "Can add group",
    "content_type": 3,
    "codename": "add_group"
  }
},
{
  "model": "auth.permission",
  "pk": 10,
  "fields": {
    "name": "Can change group",
    "content_type": 3,
    "codename": "change_group"
  }
},
{
  "model": "auth.permission",
  "pk": 11,
  "fields": {
    "name": "Can delete group",
    "content_type": 3,
    "codename": "delete_group"
  }
},
{
  "model": "auth.permission",
  "pk": 12,
  "fields": {
    "name": "Can view group",
    "content_type": 3,
    "codename": "view_group"
  }
},
{
  "model": "auth.permission",
  "pk": 13,
  "fields": {
    "name": "Can add user",
    "content_type": 4,
    "codename": "add_user"
  }
},
{
  "model": "auth.permission",
  "pk": 14,
  "fields": {
    "name": "Can change user",
    "content_type": 4,
    "codename": "change_user"
  }
},
{
  "model": "auth.permission",
  "pk": 15,
  "fields": {
    "name": "Can delete user",
    "content_type": 4,
    "codename": "delete_user"
  }
},
{
  "model": "auth.permission",
  "pk": 16,
  "fields": {
    "name": "Can view user",
    "content_type": 4,
    "codename": "view_user"
  }
},
{
  "model": "auth.permission",
  "pk": 17,
  "fields": {
    "name": "Can add content type",
    "content_type": 5,
    "codename": "add_contenttype"
  }
},
{
  "model": "auth.permission",
  "pk": 18,
  "fields": {
    "name": "Can change content type",
    "content_type": 5,
    "codename": "change_contenttype"
  }
},
{
  "model": "auth.permission",
  "pk": 19,
  "fields": {
    "name": "Can delete content type",
    "content_type": 5,
    "codename": "delete_contenttype"
  }
},
{
  "model": "auth.permission",
  "pk": 20,
  "fields": {
    "name": "Can view content type",
    "content_type": 5,
    "codename": "view_contenttype"
  }
},
{
  "model": "auth.permission",
  "pk": 21,
  "fields": {
    "name": "Can add session",
    "content_type": 6,
    "codename": "add_session"
  }
},
{
  "model": "auth.permission",
  "pk": 22,
  "fields": {
    "name": "Can change session",
    "content_type": 6,
    "codename": "change_session"
  }
},
{
  "model": "auth.permission",
  "pk": 23,
  "fields": {
    "name": "Can delete session",
    "content_type": 6,
    "codename": "delete_session"
  }
},
{
  "model": "auth.permission",
  "pk": 24,
  "fields": {
    "name": "Can view session",
    "content_type": 6,
    "codename": "view_session"
  }
},
{
  "model": "auth.permission",
  "pk": 25,
  "fields": {
    "name": "Can add Donante",
    "content_type": 7,
    "codename": "add_donante"
  }
},
{
  "model": "auth.permission",
  "pk": 26,
  "fields": {
    "name": "Can change Donante",
    "content_type": 7,
    "codename": "change_donante"
  }
},
{
  "model": "auth.permission",
  "pk": 27,
  "fields": {
    "name": "Can delete Donante",
    "content_type": 7,
    "codename": "delete_donante"
  }
},
{
  "model": "auth.permission",
  "pk": 28,
  "fields": {
    "name": "Can view Donante",
    "content_type": 7,
    "codename": "view_donante"
  }
},
{
  "model": "auth.permission",
  "pk": 29,
  "fields": {
    "name": "Can add Donante",
    "content_type": 8,
    "codename": "add_donante"
  }
},
{
  "model": "auth.permission",
  "pk": 30,
  "fields": {
    "name": "Can change Donante",
    "content_type": 8,
    "codename": "change_donante"
  }
},
{
  "model": "auth.permission",
  "pk": 31,
  "fields": {
    "name": "Can delete Donante",
    "content_type": 8,
    "codename": "delete_donante"
  }
},
{
  "model": "auth.permission",
  "pk": 32,
  "fields": {
    "name": "Can view Donante",
    "content_type": 8,
    "codename": "view_donante"
  }
},
{
  "model": "auth.permission",
  "pk": 33,
  "fields": {
    "name": "Can add Token",
    "content_type": 9,
    "codename": "add_token"
  }
},
{
  "model": "auth.permission",
  "pk": 34,
  "fields": {
    "name": "Can change Token",
    "content_type": 9,
    "codename": "change_token"
  }
},
{
  "model": "auth.permission",
  "pk": 35,
  "fields": {
    "name": "Can delete Token",
    "content_type": 9,
    "codename": "delete_token"
  }
},
{
  "model": "auth.permission",
  "pk": 36,
  "fields": {
    "name": "Can view Token",
    "content_type": 9,
    "codename": "view_token"
  }
},
{
  "model": "auth.permission",
  "pk": 37,
  "fields": {
    "name": "Can add token",
    "content_type": 10,
    "codename": "add_tokenproxy"
  }
},
{
  "model": "auth.permission",
  "pk": 38,
  "fields": {
    "name": "Can change token",
    "content_type": 10,
    "codename": "change_tokenproxy"
  }
},
{
  "model": "auth.permission",
  "pk": 39,
  "fields": {
    "name": "Can delete token",
    "content_type": 10,
    "codename": "delete_tokenproxy"
  }
},
{
  "model": "auth.permission",
  "pk": 40,
  "fields": {
    "name": "Can view token",
    "content_type": 10,
    "codename": "view_tokenproxy"
  }
},
{
  "model": "auth.permission",
  "pk": 41,
  "fields": {
    "name": "Can add Institucion",
    "content_type": 11,
    "codename": "add_institucion"
  }
},
{
  "model": "auth.permission",
  "pk": 42,
  "fields": {
    "name": "Can change Institucion",
    "content_type": 11,
    "codename": "change_institucion"
  }
},
{
  "model": "auth.permission",
  "pk": 43,
  "fields": {
    "name": "Can delete Institucion",
    "content_type": 11,
    "codename": "delete_institucion"
  }
},
{
  "model": "auth.permission",
  "pk": 44,
  "fields": {
    "name": "Can view Institucion",
    "content_type": 11,
    "codename": "view_institucion"
  }
},
{
  "model": "auth.permission",
  "pk": 45,
  "fields": {
    "name": "Can add codigo recuperacion",
    "content_type": 12,
    "codename": "add_codigorecuperacion"
  }
},
{
  "model": "auth.permission",
  "pk": 46,
  "fields": {
    "name": "Can change codigo recuperacion",
    "content_type": 12,
    "codename": "change_codigorecuperacion"
  }
},
{
  "model": "auth.permission",
  "pk": 47,
  "fields": {
    "name": "Can delete codigo recuperacion",
    "content_type": 12,
    "codename": "delete_codigorecuperacion"
  }
},
{
  "model": "auth.permission",
  "pk": 48,
  "fields": {
    "name": "Can view codigo recuperacion",
    "content_type": 12,
    "codename": "view_codigorecuperacion"
  }
},
{
  "model": "auth.permission",
  "pk": 49,
  "fields": {
    "name": "Can add Institucion",
    "content_type": 13,
    "codename": "add_institucion"
  }
},
{
  "model": "auth.permission",
  "pk": 50,
  "fields": {
    "name": "Can change Institucion",
    "content_type": 13,
    "codename": "change_institucion"
  }
},
{
  "model": "auth.permission",
  "pk": 51,
  "fields": {
    "name": "Can delete Institucion",
    "content_type": 13,
    "codename": "delete_institucion"
  }
},
{
  "model": "auth.permission",
  "pk": 52,
  "fields": {
    "name": "Can view Institucion",
    "content_type": 13,
    "codename": "view_institucion"
  }
},
{
  "model": "auth.permission",
  "pk": 53,
  "fields": {
    "name": "Can add Donante",
    "content_type": 14,
    "codename": "add_donante"
  }
},
{
  "model": "auth.permission",
  "pk": 54,
  "fields": {
    "name": "Can change Donante",
    "content_type": 14,
    "codename": "change_donante"
  }
},
{
  "model": "auth.permission",
  "pk": 55,
  "fields": {
    "name": "Can delete Donante",
    "content_type": 14,
    "codename": "delete_donante"
  }
},
{
  "model": "auth.permission",
  "pk": 56,
  "fields": {
    "name": "Can view Donante",
    "content_type": 14,
    "codename": "view_donante"
  }
},
{
  "model": "auth.permission",
  "pk": 57,
  "fields": {
    "name": "Can add pase invitado",
    "content_type": 15,
    "codename": "add_paseinvitado"
  }
},
{
  "model": "auth.permission",
  "pk": 58,
  "fields": {
    "name": "Can change pase invitado",
    "content_type": 15,
    "codename": "change_paseinvitado"
  }
},
{
  "model": "auth.permission",
  "pk": 59,
  "fields": {
    "name": "Can delete pase invitado",
    "content_type": 15,
    "codename": "delete_paseinvitado"
  }
},
{
  "model": "auth.permission",
  "pk": 60,
  "fields": {
    "name": "Can view pase invitado",
    "content_type": 15,
    "codename": "view_paseinvitado"
  }
},
{
  "model": "auth.permission",
  "pk": 61,
  "fields": {
    "name": "Can add donacion",
    "content_type": 16,
    "codename": "add_donacion"
  }
},
{
  "model": "auth.permission",
  "pk": 62,
  "fields": {
    "name": "Can change donacion",
    "content_type": 16,
    "codename": "change_donacion"
  }
},
{
  "model": "auth.permission",
  "pk": 63,
  "fields": {
    "name": "Can delete donacion",
    "content_type": 16,
    "codename": "delete_donacion"
  }
},
{
  "model": "auth.permission",
  "pk": 64,
  "fields": {
    "name": "Can view donacion",
    "content_type": 16,
    "codename": "view_donacion"
  }
},
{
  "model": "auth.permission",
  "pk": 65,
  "fields": {
    "name": "Can add donacion monetaria",
    "content_type": 17,
    "codename": "add_donacionmonetaria"
  }
},
{
  "model": "auth.permission",
  "pk": 66,
  "fields": {
    "name": "Can change donacion monetaria",
    "content_type": 17,
    "codename": "change_donacionmonetaria"
  }
},
{
  "model": "auth.permission",
  "pk": 67,
  "fields": {
    "name": "Can delete donacion monetaria",
    "content_type": 17,
    "codename": "delete_donacionmonetaria"
  }
},
{
  "model": "auth.permission",
  "pk": 68,
  "fields": {
    "name": "Can view donacion monetaria",
    "content_type": 17,
    "codename": "view_donacionmonetaria"
  }
},
{
  "model": "auth.permission",
  "pk": 69,
  "fields": {
    "name": "Can add donacion bienes",
    "content_type": 18,
    "codename": "add_donacionbienes"
  }
},
{
  "model": "auth.permission",
  "pk": 70,
  "fields": {
    "name": "Can change donacion bienes",
    "content_type": 18,
    "codename": "change_donacionbienes"
  }
},
{
  "model": "auth.permission",
  "pk": 71,
  "fields": {
    "name": "Can delete donacion bienes",
    "content_type": 18,
    "codename": "delete_donacionbienes"
  }
},
{
  "model": "auth.permission",
  "pk": 72,
  "fields": {
    "name": "Can view donacion bienes",
    "content_type": 18,
    "codename": "view_donacionbienes"
  }
},
{
  "model": "auth.permission",
  "pk": 73,
  "fields": {
    "name": "Can add bien",
    "content_type": 19,
    "codename": "add_bien"
  }
},
{
  "model": "auth.permission",
  "pk": 74,
  "fields": {
    "name": "Can change bien",
    "content_type": 19,
    "codename": "change_bien"
  }
},
{
  "model": "auth.permission",
  "pk": 75,
  "fields": {
    "name": "Can delete bien",
    "content_type": 19,
    "codename": "delete_bien"
  }
},
{
  "model": "auth.permission",
  "pk": 76,
  "fields": {
    "name": "Can view bien",
    "content_type": 19,
    "codename": "view_bien"
  }
},
{
  "model": "auth.permission",
  "pk": 77,
  "fields": {
    "name": "Can add chicos",
    "content_type": 20,
    "codename": "add_chicos"
  }
},
{
  "model": "auth.permission",
  "pk": 78,
  "fields": {
    "name": "Can change chicos",
    "content_type": 20,
    "codename": "change_chicos"
  }
},
{
  "model": "auth.permission",
  "pk": 79,
  "fields": {
    "name": "Can delete chicos",
    "content_type": 20,
    "codename": "delete_chicos"
  }
},
{
  "model": "auth.permission",
  "pk": 80,
  "fields": {
    "name": "Can view chicos",
    "content_type": 20,
    "codename": "view_chicos"
  }
},
{
  "model": "auth.permission",
  "pk": 81,
  "fields": {
    "name": "Can add Cadete",
    "content_type": 21,
    "codename": "add_cadete"
  }
},
{
  "model": "auth.permission",
  "pk": 82,
  "fields": {
    "name": "Can change Cadete",
    "content_type": 21,
    "codename": "change_cadete"
  }
},
{
  "model": "auth.permission",
  "pk": 83,
  "fields": {
    "name": "Can delete Cadete",
    "content_type": 21,
    "codename": "delete_cadete"
  }
},
{
  "model": "auth.permission",
  "pk": 84,
  "fields": {
    "name": "Can view Cadete",
    "content_type": 21,
    "codename": "view_cadete"
  }
},
{
  "model": "auth.permission",
  "pk": 85,
  "fields": {
    "name": "Can add Recoleccien",
    "content_type": 22,
    "codename": "add_recoleccion"
  }
},
{
  "model": "auth.permission",
  "pk": 86,
  "fields": {
    "name": "Can change Recoleccien",
    "content_type": 22,
    "codename": "change_recoleccion"
  }
},
{
  "model": "auth.permission",
  "pk": 87,
  "fields": {
    "name": "Can delete Recoleccien",
    "content_type": 22,
    "codename": "delete_recoleccion"
  }
},
{
  "model": "auth.permission",
  "pk": 88,
  "fields": {
    "name": "Can view Recoleccien",
    "content_type": 22,
    "codename": "view_recoleccion"
  }
},
{
  "model": "auth.permission",
  "pk": 89,
  "fields": {
    "name": "Can add Etiqueta",
    "content_type": 23,
    "codename": "add_etiqueta"
  }
},
{
  "model": "auth.permission",
  "pk": 90,
  "fields": {
    "name": "Can change Etiqueta",
    "content_type": 23,
    "codename": "change_etiqueta"
  }
},
{
  "model": "auth.permission",
  "pk": 91,
  "fields": {
    "name": "Can delete Etiqueta",
    "content_type": 23,
    "codename": "delete_etiqueta"
  }
},
{
  "model": "auth.permission",
  "pk": 92,
  "fields": {
    "name": "Can view Etiqueta",
    "content_type": 23,
    "codename": "view_etiqueta"
  }
},
{
  "model": "auth.permission",
  "pk": 93,
  "fields": {
    "name": "Can add Reaccion",
    "content_type": 24,
    "codename": "add_reaccion"
  }
},
{
  "model": "auth.permission",
  "pk": 94,
  "fields": {
    "name": "Can change Reaccion",
    "content_type": 24,
    "codename": "change_reaccion"
  }
},
{
  "model": "auth.permission",
  "pk": 95,
  "fields": {
    "name": "Can delete Reaccion",
    "content_type": 24,
    "codename": "delete_reaccion"
  }
},
{
  "model": "auth.permission",
  "pk": 96,
  "fields": {
    "name": "Can view Reaccion",
    "content_type": 24,
    "codename": "view_reaccion"
  }
},
{
  "model": "auth.permission",
  "pk": 97,
  "fields": {
    "name": "Can add Noticia",
    "content_type": 25,
    "codename": "add_noticia"
  }
},
{
  "model": "auth.permission",
  "pk": 98,
  "fields": {
    "name": "Can change Noticia",
    "content_type": 25,
    "codename": "change_noticia"
  }
},
{
  "model": "auth.permission",
  "pk": 99,
  "fields": {
    "name": "Can delete Noticia",
    "content_type": 25,
    "codename": "delete_noticia"
  }
},
{
  "model": "auth.permission",
  "pk": 100,
  "fields": {
    "name": "Can view Noticia",
    "content_type": 25,
    "codename": "view_noticia"
  }
},
{
  "model": "auth.permission",
  "pk": 101,
  "fields": {
    "name": "Can add Comentario",
    "content_type": 26,
    "codename": "add_comentariopublicacion"
  }
},
{
  "model": "auth.permission",
  "pk": 102,
  "fields": {
    "name": "Can change Comentario",
    "content_type": 26,
    "codename": "change_comentariopublicacion"
  }
},
{
  "model": "auth.permission",
  "pk": 103,
  "fields": {
    "name": "Can delete Comentario",
    "content_type": 26,
    "codename": "delete_comentariopublicacion"
  }
},
{
  "model": "auth.permission",
  "pk": 104,
  "fields": {
    "name": "Can view Comentario",
    "content_type": 26,
    "codename": "view_comentariopublicacion"
  }
},
{
  "model": "auth.permission",
  "pk": 105,
  "fields": {
    "name": "Can add solicitud apadrinamiento",
    "content_type": 27,
    "codename": "add_solicitudapadrinamiento"
  }
},
{
  "model": "auth.permission",
  "pk": 106,
  "fields": {
    "name": "Can change solicitud apadrinamiento",
    "content_type": 27,
    "codename": "change_solicitudapadrinamiento"
  }
},
{
  "model": "auth.permission",
  "pk": 107,
  "fields": {
    "name": "Can delete solicitud apadrinamiento",
    "content_type": 27,
    "codename": "delete_solicitudapadrinamiento"
  }
},
{
  "model": "auth.permission",
  "pk": 108,
  "fields": {
    "name": "Can view solicitud apadrinamiento",
    "content_type": 27,
    "codename": "view_solicitudapadrinamiento"
  }
},
{
  "model": "auth.permission",
  "pk": 109,
  "fields": {
    "name": "Can add chicos",
    "content_type": 28,
    "codename": "add_chicos"
  }
},
{
  "model": "auth.permission",
  "pk": 110,
  "fields": {
    "name": "Can change chicos",
    "content_type": 28,
    "codename": "change_chicos"
  }
},
{
  "model": "auth.permission",
  "pk": 111,
  "fields": {
    "name": "Can delete chicos",
    "content_type": 28,
    "codename": "delete_chicos"
  }
},
{
  "model": "auth.permission",
  "pk": 112,
  "fields": {
    "name": "Can view chicos",
    "content_type": 28,
    "codename": "view_chicos"
  }
},
{
  "model": "auth.group",
  "pk": 1,
  "fields": {
    "name": "donantes",
    "permissions": []
  }
},
{
  "model": "auth.group",
  "pk": 2,
  "fields": {
    "name": "Instituciones",
    "permissions": []
  }
},
{
  "model": "auth.group",
  "pk": 3,
  "fields": {
    "name": "Cadetes",
    "permissions": []
  }
},
{
  "model": "auth.user",
  "pk": 1,
  "fields": {
    "password": "pbkdf2_sha256$260000$NuPSBjdcIQtJp5WnGI9KHK$7jqDmneJFS89NbnYyqN/jkhuuQ/Hqxy8W+vn1rPYrPg=",
    "last_login": "2022-11-15T19:54:59.632",
    "is_superuser": true,
    "username": "admin",
    "first_name": "admin",
    "last_name": "admin",
    "email": "donareasy@gmail.com",
    "is_staff": true,
    "is_active": true,
    "date_joined": "2021-10-19T22:56:53.394",
    "groups": [],
    "user_permissions": []
  }
},
{
  "model": "auth.user",
  "pk": 2,
  "fields": {
    "password": "pbkdf2_sha256$260000$NuPSBjdcIQtJp5WnGI9KHK$7jqDmneJFS89NbnYyqN/jkhuuQ/Hqxy8W+vn1rPYrPg=",
    "last_login": null,
    "is_superuser": false,
    "username": "avbeltran",
    "first_name": "Antonio Valenten",
    "last_name": "Beltren",
    "email": "avbeltran@gmail.com",
    "is_staff": false,
    "is_active": true,
    "date_joined": "2022-01-11T23:51:38",
    "groups": [
      1
    ],
    "user_permissions": []
  }
},
{
  "model": "auth.user",
  "pk": 3,
  "fields": {
    "password": "pbkdf2_sha256$260000$ZJOTv2RyM3bQIPwP2YMppn$Yv9ZotLXsdyuCTnisVCcuSZqplNx4HEeUvbodr2+nMk=",
    "last_login": "2022-08-27T20:44:47.166",
    "is_superuser": false,
    "username": "jafonso",
    "first_name": "Juan",
    "last_name": "Afonso",
    "email": "lnvacchino@gmail.com",
    "is_staff": false,
    "is_active": true,
    "date_joined": "2022-01-12T22:30:14",
    "groups": [
      1
    ],
    "user_permissions": []
  }
},
{
  "model": "auth.user",
  "pk": 4,
  "fields": {
    "password": "pbkdf2_sha256$260000$NuPSBjdcIQtJp5WnGI9KHK$7jqDmneJFS89NbnYyqN/jkhuuQ/Hqxy8W+vn1rPYrPg=",
    "last_login": "2023-01-12T18:27:16.310",
    "is_superuser": false,
    "username": "cruiz",
    "first_name": "Cintia",
    "last_name": "Ruiz",
    "email": "cruiz22@gmail.com",
    "is_staff": false,
    "is_active": true,
    "date_joined": "2022-01-26T18:42:07",
    "groups": [
      1
    ],
    "user_permissions": []
  }
},
{
  "model": "auth.user",
  "pk": 5,
  "fields": {
    "password": "pbkdf2_sha256$260000$NuPSBjdcIQtJp5WnGI9KHK$7jqDmneJFS89NbnYyqN/jkhuuQ/Hqxy8W+vn1rPYrPg=",
    "last_login": null,
    "is_superuser": false,
    "username": "rguirado",
    "first_name": "Roberto",
    "last_name": "Guirado",
    "email": "robertoguir@gmail.com",
    "is_staff": false,
    "is_active": true,
    "date_joined": "2022-01-26T18:42:44",
    "groups": [
      1
    ],
    "user_permissions": []
  }
},
{
  "model": "auth.user",
  "pk": 6,
  "fields": {
    "password": "pbkdf2_sha256$260000$NuPSBjdcIQtJp5WnGI9KHK$7jqDmneJFS89NbnYyqN/jkhuuQ/Hqxy8W+vn1rPYrPg=",
    "last_login": null,
    "is_superuser": false,
    "username": "jribas",
    "first_name": "Jesica",
    "last_name": "Ribas",
    "email": "jribas@algo.com",
    "is_staff": false,
    "is_active": true,
    "date_joined": "2022-02-12T23:12:57.205",
    "groups": [
      1
    ],
    "user_permissions": []
  }
},
{
  "model": "auth.user",
  "pk": 7,
  "fields": {
    "password": "pbkdf2_sha256$260000$NuPSBjdcIQtJp5WnGI9KHK$7jqDmneJFS89NbnYyqN/jkhuuQ/Hqxy8W+vn1rPYrPg=",
    "last_login": null,
    "is_superuser": false,
    "username": "alejo",
    "first_name": "Alejo",
    "last_name": "Ocaea",
    "email": "aocana@algo.com",
    "is_staff": false,
    "is_active": true,
    "date_joined": "2022-02-12T23:14:41.829",
    "groups": [
      1
    ],
    "user_permissions": []
  }
},
{
  "model": "auth.user",
  "pk": 8,
  "fields": {
    "password": "pbkdf2_sha256$260000$NuPSBjdcIQtJp5WnGI9KHK$7jqDmneJFS89NbnYyqN/jkhuuQ/Hqxy8W+vn1rPYrPg=",
    "last_login": "2023-01-08T16:33:21.306",
    "is_superuser": false,
    "username": "dmariona",
    "first_name": "Diego",
    "last_name": "Mariona",
    "email": "dmariona@algo.com",
    "is_staff": false,
    "is_active": true,
    "date_joined": "2022-02-15T23:34:50.688",
    "groups": [
      1
    ],
    "user_permissions": []
  }
},
{
  "model": "auth.user",
  "pk": 9,
  "fields": {
    "password": "pbkdf2_sha256$260000$NuPSBjdcIQtJp5WnGI9KHK$7jqDmneJFS89NbnYyqN/jkhuuQ/Hqxy8W+vn1rPYrPg=",
    "last_login": null,
    "is_superuser": false,
    "username": "pclim",
    "first_name": "Pablo",
    "last_name": "Climente",
    "email": "pabloclimente@gmail.com",
    "is_staff": false,
    "is_active": true,
    "date_joined": "2022-02-15T23:44:09.734",
    "groups": [
      1
    ],
    "user_permissions": []
  }
},
{
  "model": "auth.user",
  "pk": 10,
  "fields": {
    "password": "pbkdf2_sha256$260000$NuPSBjdcIQtJp5WnGI9KHK$7jqDmneJFS89NbnYyqN/jkhuuQ/Hqxy8W+vn1rPYrPg=",
    "last_login": "2022-08-16T19:25:33.293",
    "is_superuser": false,
    "username": "loqaveke",
    "first_name": "Felician",
    "last_name": "Ruiz",
    "email": "loqaveke@gmail.com",
    "is_staff": false,
    "is_active": true,
    "date_joined": "2022-02-24T02:40:17.122",
    "groups": [
      2
    ],
    "user_permissions": []
  }
},
{
  "model": "auth.user",
  "pk": 11,
  "fields": {
    "password": "pbkdf2_sha256$260000$NuPSBjdcIQtJp5WnGI9KHK$7jqDmneJFS89NbnYyqN/jkhuuQ/Hqxy8W+vn1rPYrPg=",
    "last_login": "2022-12-28T20:29:15.166",
    "is_superuser": false,
    "username": "erinyes",
    "first_name": "Victor",
    "last_name": "de La Cruz",
    "email": "administracion@erinyes.com",
    "is_staff": false,
    "is_active": true,
    "date_joined": "2022-02-25T02:36:47.647",
    "groups": [
      2
    ],
    "user_permissions": []
  }
},
{
  "model": "auth.user",
  "pk": 12,
  "fields": {
    "password": "pbkdf2_sha256$260000$NuPSBjdcIQtJp5WnGI9KHK$7jqDmneJFS89NbnYyqN/jkhuuQ/Hqxy8W+vn1rPYrPg=",
    "last_login": "2023-01-15T11:23:55.717",
    "is_superuser": false,
    "username": "duendemeticuloso",
    "first_name": "Leire",
    "last_name": "Miro",
    "email": "duende_meticuloso@gmail.com",
    "is_staff": false,
    "is_active": true,
    "date_joined": "2022-02-25T02:38:16.727",
    "groups": [
      2
    ],
    "user_permissions": []
  }
},
{
  "model": "auth.user",
  "pk": 13,
  "fields": {
    "password": "pbkdf2_sha256$260000$NuPSBjdcIQtJp5WnGI9KHK$7jqDmneJFS89NbnYyqN/jkhuuQ/Hqxy8W+vn1rPYrPg=",
    "last_login": null,
    "is_superuser": false,
    "username": "csolano",
    "first_name": "Cintia",
    "last_name": "lenSolanonon",
    "email": "csolano@gmail.com",
    "is_staff": false,
    "is_active": true,
    "date_joined": "2022-02-25T02:38:16.727",
    "groups": [
      3
    ],
    "user_permissions": []
  }
},
{
  "model": "auth.user",
  "pk": 14,
  "fields": {
    "password": "pbkdf2_sha256$260000$NuPSBjdcIQtJp5WnGI9KHK$7jqDmneJFS89NbnYyqN/jkhuuQ/Hqxy8W+vn1rPYrPg=",
    "last_login": null,
    "is_superuser": false,
    "username": "laragon",
    "first_name": "Leandro",
    "last_name": "Aragon",
    "email": "leandroaragon@erinyes.com",
    "is_staff": false,
    "is_active": true,
    "date_joined": "2022-03-11T02:50:53.896",
    "groups": [
      3
    ],
    "user_permissions": []
  }
},
{
  "model": "auth.user",
  "pk": 15,
  "fields": {
    "password": "pbkdf2_sha256$260000$NuPSBjdcIQtJp5WnGI9KHK$7jqDmneJFS89NbnYyqN/jkhuuQ/Hqxy8W+vn1rPYrPg=",
    "last_login": null,
    "is_superuser": true,
    "username": "rlamas",
    "first_name": "Raquel",
    "last_name": "Lamas",
    "email": "raquellamas@erinyes.com",
    "is_staff": false,
    "is_active": true,
    "date_joined": "2022-03-14T02:29:02.458",
    "groups": [
      3
    ],
    "user_permissions": []
  }
},
{
  "model": "auth.user",
  "pk": 16,
  "fields": {
    "password": "pbkdf2_sha256$260000$NuPSBjdcIQtJp5WnGI9KHK$7jqDmneJFS89NbnYyqN/jkhuuQ/Hqxy8W+vn1rPYrPg=",
    "last_login": null,
    "is_superuser": false,
    "username": "alazaro",
    "first_name": "Alonso",
    "last_name": "Lazaro",
    "email": "alazaro@gmail.com",
    "is_staff": false,
    "is_active": true,
    "date_joined": "2022-04-15T23:41:17.628",
    "groups": [
      3
    ],
    "user_permissions": []
  }
},
{
  "model": "auth.user",
  "pk": 19,
  "fields": {
    "password": "pbkdf2_sha256$260000$lC9bXO0aG3EuYaGEjM7Dfy$VhdqEOMwx7QMuw4o6bQzSmQe3D2/qH0j5Qrm6Dx7qlY=",
    "last_login": null,
    "is_superuser": false,
    "username": "jpichot",
    "first_name": "jacinto",
    "last_name": "pichot",
    "email": "jp@algo.com",
    "is_staff": false,
    "is_active": true,
    "date_joined": "2022-04-28T22:18:48.417",
    "groups": [
      1
    ],
    "user_permissions": []
  }
},
{
  "model": "auth.user",
  "pk": 20,
  "fields": {
    "password": "pbkdf2_sha256$260000$RODB7EavwKjMJceFVC580U$XFqhvhVSP0VMjrH+o19KrHW+A1UpdzyBat0217Y8xcY=",
    "last_login": null,
    "is_superuser": false,
    "username": "estoEsUnUsuario",
    "first_name": "",
    "last_name": "",
    "email": "usuario@ualgo.com",
    "is_staff": false,
    "is_active": true,
    "date_joined": "2022-07-29T19:10:16.895",
    "groups": [
      1
    ],
    "user_permissions": []
  }
},
{
  "model": "auth.user",
  "pk": 21,
  "fields": {
    "password": "pbkdf2_sha256$260000$0LPuAQqlAthSpQhlCnPAlL$pq/BFkfrUcbvPWpm9kPUIHxHeUz5KbdetMUq750tRlk=",
    "last_login": null,
    "is_superuser": false,
    "username": "nuevoUsuario",
    "first_name": "",
    "last_name": "",
    "email": "at@gmail.com",
    "is_staff": false,
    "is_active": true,
    "date_joined": "2022-12-28T20:49:00.225",
    "groups": [
      2
    ],
    "user_permissions": []
  }
},
{
  "model": "contenttypes.contenttype",
  "pk": 1,
  "fields": {
    "app_label": "admin",
    "model": "logentry"
  }
},
{
  "model": "contenttypes.contenttype",
  "pk": 2,
  "fields": {
    "app_label": "auth",
    "model": "permission"
  }
},
{
  "model": "contenttypes.contenttype",
  "pk": 3,
  "fields": {
    "app_label": "auth",
    "model": "group"
  }
},
{
  "model": "contenttypes.contenttype",
  "pk": 4,
  "fields": {
    "app_label": "auth",
    "model": "user"
  }
},
{
  "model": "contenttypes.contenttype",
  "pk": 5,
  "fields": {
    "app_label": "contenttypes",
    "model": "contenttype"
  }
},
{
  "model": "contenttypes.contenttype",
  "pk": 6,
  "fields": {
    "app_label": "sessions",
    "model": "session"
  }
},
{
  "model": "contenttypes.contenttype",
  "pk": 7,
  "fields": {
    "app_label": "ABMs",
    "model": "donante"
  }
},
{
  "model": "contenttypes.contenttype",
  "pk": 8,
  "fields": {
    "app_label": "login",
    "model": "donante"
  }
},
{
  "model": "contenttypes.contenttype",
  "pk": 9,
  "fields": {
    "app_label": "authtoken",
    "model": "token"
  }
},
{
  "model": "contenttypes.contenttype",
  "pk": 10,
  "fields": {
    "app_label": "authtoken",
    "model": "tokenproxy"
  }
},
{
  "model": "contenttypes.contenttype",
  "pk": 11,
  "fields": {
    "app_label": "login",
    "model": "institucion"
  }
},
{
  "model": "contenttypes.contenttype",
  "pk": 12,
  "fields": {
    "app_label": "login",
    "model": "codigorecuperacion"
  }
},
{
  "model": "contenttypes.contenttype",
  "pk": 13,
  "fields": {
    "app_label": "baseApp",
    "model": "institucion"
  }
},
{
  "model": "contenttypes.contenttype",
  "pk": 14,
  "fields": {
    "app_label": "baseApp",
    "model": "donante"
  }
},
{
  "model": "contenttypes.contenttype",
  "pk": 15,
  "fields": {
    "app_label": "login",
    "model": "paseinvitado"
  }
},
{
  "model": "contenttypes.contenttype",
  "pk": 16,
  "fields": {
    "app_label": "DonacionesApp",
    "model": "donacion"
  }
},
{
  "model": "contenttypes.contenttype",
  "pk": 17,
  "fields": {
    "app_label": "DonacionesApp",
    "model": "donacionmonetaria"
  }
},
{
  "model": "contenttypes.contenttype",
  "pk": 18,
  "fields": {
    "app_label": "DonacionesApp",
    "model": "donacionbienes"
  }
},
{
  "model": "contenttypes.contenttype",
  "pk": 19,
  "fields": {
    "app_label": "DonacionesApp",
    "model": "bien"
  }
},
{
  "model": "contenttypes.contenttype",
  "pk": 20,
  "fields": {
    "app_label": "baseApp",
    "model": "chicos"
  }
},
{
  "model": "contenttypes.contenttype",
  "pk": 21,
  "fields": {
    "app_label": "baseApp",
    "model": "cadete"
  }
},
{
  "model": "contenttypes.contenttype",
  "pk": 22,
  "fields": {
    "app_label": "Recoleccion",
    "model": "recoleccion"
  }
},
{
  "model": "contenttypes.contenttype",
  "pk": 23,
  "fields": {
    "app_label": "noticias",
    "model": "etiqueta"
  }
},
{
  "model": "contenttypes.contenttype",
  "pk": 24,
  "fields": {
    "app_label": "noticias",
    "model": "reaccion"
  }
},
{
  "model": "contenttypes.contenttype",
  "pk": 25,
  "fields": {
    "app_label": "noticias",
    "model": "noticia"
  }
},
{
  "model": "contenttypes.contenttype",
  "pk": 26,
  "fields": {
    "app_label": "noticias",
    "model": "comentariopublicacion"
  }
},
{
  "model": "contenttypes.contenttype",
  "pk": 27,
  "fields": {
    "app_label": "ApadrinamientoApp",
    "model": "solicitudapadrinamiento"
  }
},
{
  "model": "contenttypes.contenttype",
  "pk": 28,
  "fields": {
    "app_label": "ApadrinamientoApp",
    "model": "chicos"
  }
},
{
  "model": "sessions.session",
  "pk": "1c6yr0edcnrfmtx0nqmhs2020btgix29",
  "fields": {
    "session_data": ".eJxVjMEOwiAQBf-FsyFAWaAevfcbyLKAVA0kpT0Z_9026UGvb2bem3nc1uK3nhY_R3Zlml1-t4D0TPUA8YH13ji1ui5z4IfCT9r51GJ63U7376BgL3uNOQlA0sHA4EiKgdyYhNISSYhszKgjICptEbN10VoZAMJeKHIEidjnC-u0OFE:1pB2qm:JqP2CherIjZuXvfZlGk8fx869GiWm7gm4Cw2hyNXk4Q",
    "expire_date": "2023-01-12T21:02:16.295"
  }
},
{
  "model": "sessions.session",
  "pk": "1wenajmjm0f2p9jte1wneweccyls9ok4",
  "fields": {
    "session_data": ".eJxVjMEOwiAQBf-FsyFAWaAevfcbyLKAVA0kpT0Z_9026UGvb2bem3nc1uK3nhY_R3Zlml1-t4D0TPUA8YH13ji1ui5z4IfCT9r51GJ63U7376BgL3uNOQlA0sHA4EiKgdyYhNISSYhszKgjICptEbN10VoZAMJeKHIEidjnC-u0OFE:1oNebJ:D5ZyGJTTowu_OMgnIamyxn_Wago4WZzF71e2UcL5Oq8",
    "expire_date": "2022-08-29T15:14:09.348"
  }
},
{
  "model": "sessions.session",
  "pk": "23hsgi5gftnafscvr9hu1fowlo7rtpye",
  "fields": {
    "session_data": ".eJxVjMEOwiAQBf-FsyFAWaAevfcbyLKAVA0kpT0Z_9026UGvb2bem3nc1uK3nhY_R3ZlUrHL7xiQnqkeJD6w3hunVtdlDvxQ-Ek7n1pMr9vp_h0U7GWvMScBSDoYGBxJMZAbk1BaIgmRjRl1BESlLWK2LlorA0DYC0WOIBH7fAEOgjiA:1pBbJW:RII7f13I6mOHcKG6urN6DQamllbzwGJvTC3zNRACtWQ",
    "expire_date": "2023-01-14T09:50:14.702"
  }
},
{
  "model": "sessions.session",
  "pk": "2u4uuwhqfqkko5cu48fzufxmycg9gyzt",
  "fields": {
    "session_data": ".eJxVjMEOwiAQBf-FsyFAWaAevfcbyLKAVA0kpT0Z_9026UGvb2bem3nc1uK3nhY_R3Zlml1-t4D0TPUA8YH13ji1ui5z4IfCT9r51GJ63U7376BgL3uNOQlA0sHA4EiKgdyYhNISSYhszKgjICptEbN10VoZAMJeKHIEidjnC-u0OFE:1pAfrt:MdIWJ2IbT9M70OXEEz6GTbhwOsPvlp_vbTGDU0Yykjw",
    "expire_date": "2023-01-11T20:29:53.349"
  }
},
{
  "model": "sessions.session",
  "pk": "391kpi5uoepcik9l2ej1ub8wbsuje7i1",
  "fields": {
    "session_data": ".eJxVjEEOwiAQRe_C2hAGOkBduu8ZmpkyStVAUtqV8e7apAvd_vfef6mRtjWPW5NlnJM6K1Cn341pekjZQbpTuVU91bIuM-td0QdteqhJnpfD_TvI1PK3JseuB4xkE5iIFowJwshOrEEgSIZ6D9gF8TFcGR1H8SydZWuNd069P7qwNr8:1n7Qrx:FTVwNIheNps1oJKIep8pD67l4PIMNNw7Yh8M5iTIi_4",
    "expire_date": "2022-01-25T23:48:01.675"
  }
},
{
  "model": "sessions.session",
  "pk": "3emig06bufmglbslm7u0xpehgezq3u1u",
  "fields": {
    "session_data": ".eJxVjMEOwiAQBf-FsyFAWaAevfcbyLKAVA0kpT0Z_9026UGvb2bem3nc1uK3nhY_R3ZlUrHL7xiQnqkeJD6w3hunVtdlDvxQ-Ek7n1pMr9vp_h0U7GWvMScBSDoYGBxJMZAbk1BaIgmRjRl1BESlLWK2LlorA0DYC0WOIBH7fAEOgjiA:1oOoCr:DpS8ir-I1bBRYPf4Hz0wUVrXqu-Ye6rs_rg9VQ-tB-w",
    "expire_date": "2022-09-01T19:41:41.042"
  }
},
{
  "model": "sessions.session",
  "pk": "5dth4ymwehnv6tbubq1i6thulxv9ox08",
  "fields": {
    "session_data": ".eJxVjMEOwiAQBf-FsyFAWaAevfcbyLKAVA0kpT0Z_9026UGvb2bem3nc1uK3nhY_R3ZlUrLL7xiQnqkeJD6w3hunVtdlDvxQ-Ek7n1pMr9vp_h0U7GWvMScBSDoYGBxJMZAbk1BaIgmRjRl1BESlLWK2LlorA0DYC0WOIBH7fAEN6Th_:1pAfrH:AgbJSULvkcfPKGYy21frKMMHY5we2_Odtm27nwn-scg",
    "expire_date": "2023-01-11T20:29:15.456"
  }
},
{
  "model": "sessions.session",
  "pk": "61bhzgsi53mhwgcnrddvkuscywa4egim",
  "fields": {
    "session_data": ".eJxVjMEOwiAQBf-FsyFAWaAevfcbyLKAVA0kpT0Z_9026UGvb2bem3nc1uK3nhY_R3Zlml1-t4D0TPUA8YH13ji1ui5z4IfCT9r51GJ63U7376BgL3uNOQlA0sHA4EiKgdyYhNISSYhszKgjICptEbN10VoZAMJeKHIEidjnC-u0OFE:1p9Acd:fVz_8Zfr3zqPQrLIQaX00sP96M4Y_XrZs50fbHXetcs",
    "expire_date": "2023-01-07T16:55:55.565"
  }
},
{
  "model": "sessions.session",
  "pk": "6vc7fbshavx9sa97bulhu969ftq32gs4",
  "fields": {
    "session_data": ".eJxVjMEOwiAQBf-FsyFAWaAevfcbyLKAVA0kpT0Z_9026UGvb2bem3nc1uK3nhY_R3Zlml1-t4D0TPUA8YH13ji1ui5z4IfCT9r51GJ63U7376BgL3uNOQlA0sHA4EiKgdyYhNISSYhszKgjICptEbN10VoZAMJeKHIEidjnC-u0OFE:1oNg2V:GoLbXt8s-D1q9SbclY7ituZIH4Rcoo3ph-yf-EAn_-k",
    "expire_date": "2022-08-29T16:46:19.152"
  }
},
{
  "model": "sessions.session",
  "pk": "8586lamennefqf7l9uqzug8qcddtw3ks",
  "fields": {
    "session_data": ".eJxVjMEOwiAQBf-FsyFAWaAevfcbyLKAVA0kpT0Z_9026UGvb2bem3nc1uK3nhY_R3Zlml1-t4D0TPUA8YH13ji1ui5z4IfCT9r51GJ63U7376BgL3uNOQlA0sHA4EiKgdyYhNISSYhszKgjICptEbN10VoZAMJeKHIEidjnC-u0OFE:1p9AWg:q1C2SOlz6ntO1fLMAqivI16ZI1A7kceHMXdW-slalOw",
    "expire_date": "2023-01-07T16:49:46.511"
  }
},
{
  "model": "sessions.session",
  "pk": "90pw9o5728e4yym4vo9vzvho4pkuqkin",
  "fields": {
    "session_data": "e30:1oFjDB:K6fAit_wZ-SyApWX6AsaIDNPrqsOhebZJhjuL7v-ML8",
    "expire_date": "2022-08-07T18:32:29.663"
  }
},
{
  "model": "sessions.session",
  "pk": "9mt5gq80xfmuat0pd8zu16z8zm1eu657",
  "fields": {
    "session_data": "e30:1oFjBf:AfQN68-NOIpeDEDk0Bbmjens9nms-4Rrwt3K8TCiopE",
    "expire_date": "2022-08-07T18:30:55.429"
  }
},
{
  "model": "sessions.session",
  "pk": "ab84wv6qyqhtx6isw031lxkm8s5qqxi9",
  "fields": {
    "session_data": ".eJxVjMEOwiAQBf-FsyFAWaAevfcbyLKAVA0kpT0Z_9026UGvb2bem3nc1uK3nhY_R3Zlml1-t4D0TPUA8YH13ji1ui5z4IfCT9r51GJ63U7376BgL3uNOQlA0sHA4EiKgdyYhNISSYhszKgjICptEbN10VoZAMJeKHIEidjnC-u0OFE:1oNfs5:EwBVdNVolPBFt40Pr-CABSoXSQ-Cfj_TXQowWrpJ4wQ",
    "expire_date": "2022-08-29T16:35:33.773"
  }
},
{
  "model": "sessions.session",
  "pk": "aeqwowhvf03dhmbps33fqqzsfo7louet",
  "fields": {
    "session_data": ".eJxVjMEOwiAQBf-FsyFAWaAevfcbyLKAVA0kpT0Z_9026UGvb2bem3nc1uK3nhY_R3Zlml1-t4D0TPUA8YH13ji1ui5z4IfCT9r51GJ63U7376BgL3uNOQlA0sHA4EiKgdyYhNISSYhszKgjICptEbN10VoZAMJeKHIEidjnC-u0OFE:1ovnLm:7N2qYbdRBg4HscPRJ62UrfVTS0hffDGw82dqbGB5Mto",
    "expire_date": "2022-12-01T19:27:14.834"
  }
},
{
  "model": "sessions.session",
  "pk": "an9vzg7mxsmhh8dj753g1uq0hp0gma2m",
  "fields": {
    "session_data": ".eJxVjMEOwiAQBf-FsyFAWaAevfcbyLKAVA0kpT0Z_9026UGvb2bem3nc1uK3nhY_R3ZlUrHL7xiQnqkeJD6w3hunVtdlDvxQ-Ek7n1pMr9vp_h0U7GWvMScBSDoYGBxJMZAbk1BaIgmRjRl1BESlLWK2LlorA0DYC0WOIBH7fAEOgjiA:1obUi9:R6eCopknSl7gmu5eKB-Jw1FZZOSd3-5RLU91dkd5yhA",
    "expire_date": "2022-10-06T19:30:25.431"
  }
},
{
  "model": "sessions.session",
  "pk": "bzhha5kda5tftefnjdlrgslyiaibwmy7",
  "fields": {
    "session_data": ".eJxVjMEOwiAQBf-FsyFAWaAevfcbyLKAVA0kpT0Z_9026UGvb2bem3nc1uK3nhY_R3ZlUrHL7xiQnqkeJD6w3hunVtdlDvxQ-Ek7n1pMr9vp_h0U7GWvMScBSDoYGBxJMZAbk1BaIgmRjRl1BESlLWK2LlorA0DYC0WOIBH7fAEOgjiA:1pH3vQ:NlK2GHzhwgfISH6eKdGo2dfpcIx-DnTsmGaYiqRHqW0",
    "expire_date": "2023-01-29T11:23:56.149"
  }
},
{
  "model": "sessions.session",
  "pk": "egl7nihc2txuiekhpu25mk8gcr3k6078",
  "fields": {
    "session_data": ".eJxVjMEOwiAQBf-FsyFAWaAevfcbyLKAVA0kpT0Z_9026UGvb2bem3nc1uK3nhY_R3ZlUrLL7xiQnqkeJD6w3hunVtdlDvxQ-Ek7n1pMr9vp_h0U7GWvMScBSDoYGBxJMZAbk1BaIgmRjRl1BESlLWK2LlorA0DYC0WOIBH7fAEN6Th_:1oSKRM:NGh4rv3LMdySwajCHhts4jKPap90FgWrhFv9pItP-AY",
    "expire_date": "2022-09-11T12:43:12.574"
  }
},
{
  "model": "sessions.session",
  "pk": "fy7d7j2fc7gamv95s7y4k1hecsjcev4q",
  "fields": {
    "session_data": ".eJxVjMEOwiAQBf-FsyFAWaAevfcbyLKAVA0kpT0Z_9026UGvb2bem3nc1uK3nhY_R3Zlml1-t4D0TPUA8YH13ji1ui5z4IfCT9r51GJ63U7376BgL3uNOQlA0sHA4EiKgdyYhNISSYhszKgjICptEbN10VoZAMJeKHIEidjnC-u0OFE:1p9D4h:x2LNftbqqeLwJS0jtqydv5pd2Z4nGFdfWeZDIg9K_jU",
    "expire_date": "2023-01-07T19:33:03.028"
  }
},
{
  "model": "sessions.session",
  "pk": "g54sukd6kv4jdhuy1d0i0gid23mn0j23",
  "fields": {
    "session_data": ".eJxVjEEOwiAQRe_C2hAGOkBduu8ZmpkyStVAUtqV8e7apAvd_vfef6mRtjWPW5NlnJM6K1Cn341pekjZQbpTuVU91bIuM-td0QdteqhJnpfD_TvI1PK3JseuB4xkE5iIFowJwshOrEEgSIZ6D9gF8TFcGR1H8SydZWuNd069P7qwNr8:1nKq7z:ul7AUFkSgQP4f_FlgQ7wHpTPdVkIg7lExJCcnigUO_A",
    "expire_date": "2022-03-03T23:23:59.354"
  }
},
{
  "model": "sessions.session",
  "pk": "jem3hw3xr2lj8aaqnt0lthgvvkvq43ya",
  "fields": {
    "session_data": ".eJxVjMEOwiAQBf-FsyFAWaAevfcbyLKAVA0kpT0Z_9026UGvb2bem3nc1uK3nhY_R3Zlml1-t4D0TPUA8YH13ji1ui5z4IfCT9r51GJ63U7376BgL3uNOQlA0sHA4EiKgdyYhNISSYhszKgjICptEbN10VoZAMJeKHIEidjnC-u0OFE:1p9DO6:wwNj8X3VMwSgCu6_z942-3e82fcIiwdmxuoBX2EZTDE",
    "expire_date": "2023-01-07T19:53:06.724"
  }
},
{
  "model": "sessions.session",
  "pk": "jv90fbvl3fnmm90b2dr1h1fn48wzzoir",
  "fields": {
    "session_data": ".eJxVjMEOwiAQBf-FsyFAWaAevfcbyLKAVA0kpT0Z_9026UGvb2bem3nc1uK3nhY_R3ZlUrHL7xiQnqkeJD6w3hunVtdlDvxQ-Ek7n1pMr9vp_h0U7GWvMScBSDoYGBxJMZAbk1BaIgmRjRl1BESlLWK2LlorA0DYC0WOIBH7fAEOgjiA:1pAfqj:KTdiwycyGQNFcK7OCNy7gaz7ZQlNA3tHfljsVy8yNDQ",
    "expire_date": "2023-01-11T20:28:41.528"
  }
},
{
  "model": "sessions.session",
  "pk": "l65o1nnlhp8sy4bzrpg7e2efxnblnuix",
  "fields": {
    "session_data": ".eJxVjEEOwiAQRe_C2hAGOkBduu8ZmpkyStVAUtqV8e7apAvd_vfef6mRtjWPW5NlnJM6K1Cn341pekjZQbpTuVU91bIuM-td0QdteqhJnpfD_TvI1PK3JseuB4xkE5iIFowJwshOrEEgSIZ6D9gF8TFcGR1H8SydZWuNd069P7qwNr8:1mcy2j:qHC7ma-dRSI67r2rSlbPYc3DpSikmIDZk-ED1mgSIIU",
    "expire_date": "2021-11-02T22:57:13.523"
  }
},
{
  "model": "sessions.session",
  "pk": "r7d4k2if1f4yiq5e2xgc1n88sevdih8s",
  "fields": {
    "session_data": "e30:1oOoBL:UA9rKJJUxocAwL3QhkYpdWcLe6RuxlYgGyLu0Gy4tWU",
    "expire_date": "2022-09-01T19:40:07.075"
  }
},
{
  "model": "sessions.session",
  "pk": "r9ma3gd1nmozl4ofug7fzngu056wwh1h",
  "fields": {
    "session_data": ".eJxVjMEOwiAQBf-FsyFAWaAevfcbyLKAVA0kpT0Z_9026UGvb2bem3nc1uK3nhY_R3Zlml1-t4D0TPUA8YH13ji1ui5z4IfCT9r51GJ63U7376BgL3uNOQlA0sHA4EiKgdyYhNISSYhszKgjICptEbN10VoZAMJeKHIEidjnC-u0OFE:1oNerN:nFVQrjMhiezRjSx4ynxuZEJAJ5tKzHnTLaFfHM2_O9I",
    "expire_date": "2022-08-29T15:30:45.706"
  }
},
{
  "model": "sessions.session",
  "pk": "shibkcldmal0b500dbdd04sjr4c8ojdw",
  "fields": {
    "session_data": ".eJxVjMEOwiAQBf-FsyFAWaAevfcbyLKAVA0kpT0Z_9026UGvb2bem3nc1uK3nhY_R3Zlml1-t4D0TPUA8YH13ji1ui5z4IfCT9r51GJ63U7376BgL3uNOQlA0sHA4EiKgdyYhNISSYhszKgjICptEbN10VoZAMJeKHIEidjnC-u0OFE:1p9WIf:hVX8QzLtbtM8vlWGlj2fNN26LFE3MAku5u5PpwHuGBA",
    "expire_date": "2023-01-08T16:04:45.462"
  }
},
{
  "model": "sessions.session",
  "pk": "tbyczjfx2ubyu0uaz5mj9xv47drmer75",
  "fields": {
    "session_data": ".eJxVjMEOwiAQBf-FsyFAWaAevfcbyLKAVA0kpT0Z_9026UGvb2bem3nc1uK3nhY_R3Zlml1-t4D0TPUA8YH13ji1ui5z4IfCT9r51GJ63U7376BgL3uNOQlA0sHA4EiKgdyYhNISSYhszKgjICptEbN10VoZAMJeKHIEidjnC-u0OFE:1p8U9I:_v5OOIN5WIxMeWZPjBJu0M-20ARwi_VYe3UOxyr-T3U",
    "expire_date": "2023-01-05T19:34:48.908"
  }
},
{
  "model": "sessions.session",
  "pk": "temnp8slezcbxtv1wb04cxies21aveb1",
  "fields": {
    "session_data": ".eJxVjMEOwiAQBf-FsyFAWaAevfcbyLKAVA0kpT0Z_9026UGvb2bem3nc1uK3nhY_R3ZlUrHL7xiQnqkeJD6w3hunVtdlDvxQ-Ek7n1pMr9vp_h0U7GWvMScBSDoYGBxJMZAbk1BaIgmRjRl1BESlLWK2LlorA0DYC0WOIBH7fAEOgjiA:1pEbOR:5e08twuBrZJjQJq3qyhjQ3GhoeWZyI6hhVQKa2UgcI0",
    "expire_date": "2023-01-22T16:31:43.039"
  }
},
{
  "model": "sessions.session",
  "pk": "tofv1aa2bgt1dpbbbf3or27gy8481n8q",
  "fields": {
    "session_data": ".eJxVjMEOwiAQBf-FsyFAWaAevfcbyLKAVA0kpT0Z_9026UGvb2bem3nc1uK3nhY_R3ZlUrHL7xiQnqkeJD6w3hunVtdlDvxQ-Ek7n1pMr9vp_h0U7GWvMScBSDoYGBxJMZAbk1BaIgmRjRl1BESlLWK2LlorA0DYC0WOIBH7fAEOgjiA:1pBP6N:xrtmDQl_AX4Qgc_JB4W5rPHqxf5iNdYdG6c93IB9__M",
    "expire_date": "2023-01-13T20:47:51.263"
  }
},
{
  "model": "sessions.session",
  "pk": "wkx5143dim5hmqto78t5v1egou9z18ol",
  "fields": {
    "session_data": ".eJxVjMEOwiAQBf-FsyFAWaAevfcbyLKAVA0kpT0Z_9026UGvb2bem3nc1uK3nhY_R3Zlml1-t4D0TPUA8YH13ji1ui5z4IfCT9r51GJ63U7376BgL3uNOQlA0sHA4EiKgdyYhNISSYhszKgjICptEbN10VoZAMJeKHIEidjnC-u0OFE:1pAgFt:aB1uXURymfro8uUstScXqsYhZtToax8a7f7qdLgLHfs",
    "expire_date": "2023-01-11T20:54:41.772"
  }
},
{
  "model": "sessions.session",
  "pk": "x3yu2wy6m7nh7i7oblmmnqn2k2bpze95",
  "fields": {
    "session_data": ".eJxVjMEOwiAQBf-FsyFAWaAevfcbyLKAVA0kpT0Z_9026UGvb2bem3nc1uK3nhY_R3Zlml1-t4D0TPUA8YH13ji1ui5z4IfCT9r51GJ63U7376BgL3uNOQlA0sHA4EiKgdyYhNISSYhszKgjICptEbN10VoZAMJeKHIEidjnC-u0OFE:1pEbR7:sRB3ufRXQf2RJzPei7Kj6emo1zZxdDGvOx0N32v7-dg",
    "expire_date": "2023-01-22T16:34:29.752"
  }
},
{
  "model": "login.codigorecuperacion",
  "pk": 1,
  "fields": {
    "email": "asgo@algo.com",
    "codigo": "282f7e9525e2f6d20ccb",
    "activo": false,
    "fecha_expiracion": "2022-02-20",
    "usuario": 1
  }
},
{
  "model": "login.codigorecuperacion",
  "pk": 2,
  "fields": {
    "email": "at@gmail.com",
    "codigo": "5097641d542a8ed2ea39",
    "activo": false,
    "fecha_expiracion": "2022-02-20",
    "usuario": 5
  }
},
{
  "model": "login.codigorecuperacion",
  "pk": 4,
  "fields": {
    "email": "at@gmail.com",
    "codigo": "4992c59751de0c7c9ba6",
    "activo": false,
    "fecha_expiracion": "2022-02-20",
    "usuario": 5
  }
},
{
  "model": "login.codigorecuperacion",
  "pk": 5,
  "fields": {
    "email": "at@gmail.com",
    "codigo": "1c1219f2ea9e9339e0e9",
    "activo": false,
    "fecha_expiracion": "2022-02-20",
    "usuario": 5
  }
},
{
  "model": "login.codigorecuperacion",
  "pk": 6,
  "fields": {
    "email": "at@gmail.com",
    "codigo": "f2ebf83dde39943d1ac0",
    "activo": false,
    "fecha_expiracion": "2022-02-20",
    "usuario": 5
  }
},
{
  "model": "login.codigorecuperacion",
  "pk": 8,
  "fields": {
    "email": "alguien@algo.com",
    "codigo": "0159664fd19efe350585",
    "activo": true,
    "fecha_expiracion": "2022-02-24",
    "usuario": 6
  }
},
{
  "model": "login.codigorecuperacion",
  "pk": 9,
  "fields": {
    "email": "lnvacchino@gmail.com",
    "codigo": "51b5755126352874a4dd",
    "activo": false,
    "fecha_expiracion": "2022-03-11",
    "usuario": 2
  }
},
{
  "model": "login.codigorecuperacion",
  "pk": 10,
  "fields": {
    "email": "lnvacchino@gmail.com",
    "codigo": "f7b1358836778b90a7f9",
    "activo": false,
    "fecha_expiracion": "2022-03-11",
    "usuario": 2
  }
},
{
  "model": "login.codigorecuperacion",
  "pk": 11,
  "fields": {
    "email": "lnvacchino@gmail.com",
    "codigo": "ee7c7609575a36d7f78c",
    "activo": false,
    "fecha_expiracion": "2022-03-11",
    "usuario": 2
  }
},
{
  "model": "login.codigorecuperacion",
  "pk": 12,
  "fields": {
    "email": "lnvacchino@gmail.com",
    "codigo": "20197674777ac4a6f422",
    "activo": false,
    "fecha_expiracion": "2022-03-11",
    "usuario": 2
  }
},
{
  "model": "login.codigorecuperacion",
  "pk": 13,
  "fields": {
    "email": "lnvacchino@gmail.com",
    "codigo": "b9105aad87f674ed95f3",
    "activo": false,
    "fecha_expiracion": "2022-03-11",
    "usuario": 2
  }
},
{
  "model": "login.codigorecuperacion",
  "pk": 14,
  "fields": {
    "email": "lnvacchino@gmail.com",
    "codigo": "792c8809e6ebbd63344e",
    "activo": false,
    "fecha_expiracion": "2022-03-11",
    "usuario": 2
  }
},
{
  "model": "login.codigorecuperacion",
  "pk": 15,
  "fields": {
    "email": "lnvacchino@gmail.com",
    "codigo": "f104f14b36095dcce24f",
    "activo": false,
    "fecha_expiracion": "2022-03-11",
    "usuario": 2
  }
},
{
  "model": "login.codigorecuperacion",
  "pk": 16,
  "fields": {
    "email": "lnvacchino@gmail.com",
    "codigo": "8544a6f488dad3743461",
    "activo": false,
    "fecha_expiracion": "2022-03-11",
    "usuario": 2
  }
},
{
  "model": "login.codigorecuperacion",
  "pk": 17,
  "fields": {
    "email": "lnvacchino@gmail.com",
    "codigo": "6c0ece256c578a4d9093",
    "activo": false,
    "fecha_expiracion": "2022-03-11",
    "usuario": 2
  }
},
{
  "model": "login.codigorecuperacion",
  "pk": 18,
  "fields": {
    "email": "lnvacchino@gmail.com",
    "codigo": "2e39bd5360e26f822070",
    "activo": false,
    "fecha_expiracion": "2022-03-18",
    "usuario": 2
  }
},
{
  "model": "login.codigorecuperacion",
  "pk": 19,
  "fields": {
    "email": "lnvacchino@gmail.com",
    "codigo": "b9674fe00cf35cef07fb",
    "activo": false,
    "fecha_expiracion": "2022-03-18",
    "usuario": 2
  }
},
{
  "model": "login.codigorecuperacion",
  "pk": 20,
  "fields": {
    "email": "lnvacchino@gmail.com",
    "codigo": "733a7b2341e96200d96b",
    "activo": false,
    "fecha_expiracion": "2022-03-18",
    "usuario": 2
  }
},
{
  "model": "login.codigorecuperacion",
  "pk": 21,
  "fields": {
    "email": "lnvacchino@gmail.com",
    "codigo": "31f1f8ba5077d5a6b377",
    "activo": false,
    "fecha_expiracion": "2022-05-12",
    "usuario": 2
  }
},
{
  "model": "login.codigorecuperacion",
  "pk": 23,
  "fields": {
    "email": "lnvacchino@gmail.com",
    "codigo": "f4bbb059526f2f375978",
    "activo": false,
    "fecha_expiracion": "2022-08-29",
    "usuario": 3
  }
},
{
  "model": "baseApp.donante",
  "pk": 1,
  "fields": {
    "nombre": "Antonio Valentin",
    "apellido": "Beltran",
    "fecha_nacimiento": "1958-07-22",
    "dni": "19884329",
    "domicilio": "Colombia 3109",
    "localidad": "Rosario",
    "provincia": "Santa Fe",
    "pais": "Argentina",
    "telefono": "3416813787",
    "estado_civil": "Casado",
    "genero": "Masculino",
    "ocupacion": "Plomero",
    "usuario": 2
  }
},
{
  "model": "baseApp.donante",
  "pk": 2,
  "fields": {
    "nombre": "Juan",
    "apellido": "Afonso",
    "fecha_nacimiento": "1972-10-17",
    "dni": "23226162",
    "domicilio": "Vera Mugica 1152",
    "localidad": "Rosario",
    "provincia": "Santa Fe",
    "pais": "Argentina",
    "telefono": "3413622222",
    "estado_civil": "soltero",
    "genero": "Masculino",
    "ocupacion": "mecanico",
    "usuario": 3
  }
},
{
  "model": "baseApp.donante",
  "pk": 3,
  "fields": {
    "nombre": "Cintia",
    "apellido": "Ruiz",
    "fecha_nacimiento": "1970-12-10",
    "dni": "22236698",
    "domicilio": "Zabala 1473",
    "localidad": "Rosario",
    "provincia": "Santa Fe",
    "pais": "Argentina",
    "telefono": "3413212734",
    "estado_civil": "Casada",
    "genero": "Femenino",
    "ocupacion": "Expositor de Mercancias",
    "usuario": 4
  }
},
{
  "model": "baseApp.donante",
  "pk": 4,
  "fields": {
    "nombre": "Roberto",
    "apellido": "Guirado",
    "fecha_nacimiento": "1979-06-26",
    "dni": "28462570",
    "domicilio": "Bogota 779",
    "localidad": "Rosario",
    "provincia": "Santa Fe",
    "pais": "Argentina",
    "telefono": "3414218165",
    "estado_civil": "Casado",
    "genero": "Masculino",
    "ocupacion": "ingeniero ferroviario",
    "usuario": 5
  }
},
{
  "model": "baseApp.donante",
  "pk": 5,
  "fields": {
    "nombre": "Jesica",
    "apellido": "Ribas",
    "fecha_nacimiento": "1990-03-01",
    "dni": "35007560",
    "domicilio": "Humberto Primo 334",
    "localidad": "Rosario",
    "provincia": "Santa Fe",
    "pais": "Argentina",
    "telefono": "3414195823",
    "estado_civil": "Soltera",
    "genero": "Femenino",
    "ocupacion": "Ingeniera Aeronautica",
    "usuario": 6
  }
},
{
  "model": "baseApp.donante",
  "pk": 6,
  "fields": {
    "nombre": "Alejo",
    "apellido": "Ocana",
    "fecha_nacimiento": "1984-04-03",
    "dni": "31855748",
    "domicilio": "Plutarco 893",
    "localidad": "Rosario",
    "provincia": "Santa Fe",
    "pais": "Argentina",
    "telefono": "3413666019",
    "estado_civil": "Casado",
    "genero": "Masculino",
    "ocupacion": "Operador Audiovisual",
    "usuario": 7
  }
},
{
  "model": "baseApp.donante",
  "pk": 7,
  "fields": {
    "nombre": "Diego",
    "apellido": "Mariona",
    "fecha_nacimiento": "1988-08-03",
    "dni": "34356825",
    "domicilio": "John Kennedy 594",
    "localidad": "Rosario",
    "provincia": "Santa Fe",
    "pais": "Argentina",
    "telefono": "3414174972",
    "estado_civil": "Casado",
    "genero": "Masculino",
    "ocupacion": "Cartero",
    "usuario": 8
  }
},
{
  "model": "baseApp.donante",
  "pk": 8,
  "fields": {
    "nombre": "Pablo",
    "apellido": "Climente",
    "fecha_nacimiento": "1997-01-04",
    "dni": "43556719",
    "domicilio": "Manuel Urdinarrain 1440",
    "localidad": "Rosario",
    "provincia": "Santa Fe",
    "pais": "Argentina",
    "telefono": "3414720255",
    "estado_civil": "Soltero",
    "genero": "Masculino",
    "ocupacion": "fabricante de aparatos ortopedicos",
    "usuario": 9
  }
},
{
  "model": "baseApp.donante",
  "pk": 18,
  "fields": {
    "nombre": "raul",
    "apellido": "alfonsin",
    "fecha_nacimiento": null,
    "dni": null,
    "domicilio": null,
    "localidad": null,
    "provincia": null,
    "pais": null,
    "telefono": null,
    "estado_civil": null,
    "genero": null,
    "ocupacion": null,
    "usuario": null
  }
},
{
  "model": "baseApp.donante",
  "pk": 19,
  "fields": {
    "nombre": "aoeu",
    "apellido": "aoeu",
    "fecha_nacimiento": "2022-07-29",
    "dni": "2345789",
    "domicilio": "",
    "localidad": "",
    "provincia": "",
    "pais": "",
    "telefono": "",
    "estado_civil": "",
    "genero": "",
    "ocupacion": "",
    "usuario": 20
  }
},
{
  "model": "baseApp.institucion",
  "pk": 1,
  "fields": {
    "nombre": "Loqaveke",
    "director": "Felician Ruiz",
    "fecha_fundacion": "2005-10-04",
    "domicilio": "Angel Gallardo",
    "localidad": "Rosario",
    "provincia": "Santa Fe",
    "pais": "Argentina",
    "telefono": "3412626866",
    "cant_empleados": 16,
    "descripcion": "Lorem ipsum dolor sit amet, consectetur adipiscing elit. Duis ut venenatis est. Mauris eget euismod massa. Integer eleifend, lorem sed luctus vehicula, risus augue vulputate nibh, non sagittis ex velit aliquet enim. Etiam a cursus augue, sit amet posuere ligula.",
    "cbu": "1991379490099",
    "usuario": 10
  }
},
{
  "model": "baseApp.institucion",
  "pk": 2,
  "fields": {
    "nombre": "Erinyes Maternal",
    "director": "Victor de la Cruz",
    "fecha_fundacion": "1987-10-05",
    "domicilio": "Neptuno 780",
    "localidad": "Rosario",
    "provincia": "Santa Fe",
    "pais": "Argentina",
    "telefono": "3413032345",
    "cant_empleados": 14,
    "descripcion": "Lorem ipsum dolor sit amet, consectetur adipiscing elit. Quisque orci arcu, fringilla consectetur efficitur non.",
    "cbu": "5414905670422",
    "usuario": 11
  }
},
{
  "model": "baseApp.institucion",
  "pk": 3,
  "fields": {
    "nombre": "Duende Meticuloso",
    "director": "Leire Miro",
    "fecha_fundacion": "1996-06-20",
    "domicilio": "Roque Saenz Peea 122",
    "localidad": "Rosario",
    "provincia": "Santa Fe",
    "pais": "Argentina",
    "telefono": "3413613737",
    "cant_empleados": 13,
    "descripcion": "Lorem ipsum dolor sit amet, consectetur adipiscing elit. Pellentesque nec vehicula nibh. Integer ligula tellus, ultricies mollis leo nec, dignissim efficitur nulla. In in.",
    "cbu": "5823279025270",
    "usuario": 12
  }
},
{
  "model": "baseApp.institucion",
  "pk": 4,
  "fields": {
    "nombre": "la flor",
    "director": "",
    "fecha_fundacion": null,
    "domicilio": null,
    "localidad": null,
    "provincia": null,
    "pais": null,
    "telefono": null,
    "cant_empleados": null,
    "descripcion": null,
    "cbu": null,
    "usuario": null
  }
},
{
  "model": "baseApp.institucion",
  "pk": 5,
  "fields": {
    "nombre": "Nuevo",
    "director": "Alguien",
    "fecha_fundacion": "1992-02-01",
    "domicilio": "Usuario",
    "localidad": "Sprinfil",
    "provincia": "Santa fe",
    "pais": "Argentina",
    "telefono": "1",
    "cant_empleados": 8,
    "descripcion": "Algo",
    "cbu": null,
    "usuario": 21
  }
},
{
  "model": "baseApp.cadete",
  "pk": 1,
  "fields": {
    "nombre": "Cintia",
    "apellido": "Solano",
    "fecha_nacimiento": "1987-11-04",
    "dni": "33836955",
    "domicilio": "Quicuyo 1746",
    "localidad": "Rosario",
    "provincia": "Santa Fe",
    "pais": "Argentina",
    "telefono": "3416399165",
    "estado_civil": "Casada",
    "genero": "Femenino",
    "ocupacion": "Tecnica de Lenea Electrica",
    "medio_transporte": "Volkswagen Gol",
    "usuario": 13,
    "institucion": 1
  }
},
{
  "model": "baseApp.cadete",
  "pk": 2,
  "fields": {
    "nombre": "Leandro",
    "apellido": "Aragon",
    "fecha_nacimiento": "1992-11-13",
    "dni": "37163472",
    "domicilio": "Cesar Fournier 730",
    "localidad": "Rosario",
    "provincia": "Santa Fe",
    "pais": "Argentina",
    "telefono": "3414961276",
    "estado_civil": "Soltero",
    "genero": "Masculino",
    "ocupacion": "Agente de Ventas de Seguros",
    "medio_transporte": "Toyota Hilux",
    "usuario": 14,
    "institucion": 2
  }
},
{
  "model": "baseApp.cadete",
  "pk": 3,
  "fields": {
    "nombre": "Raquel",
    "apellido": "Lamas",
    "fecha_nacimiento": "1991-02-15",
    "dni": "36471716",
    "domicilio": "Caracas 849",
    "localidad": "Rosario",
    "provincia": "Santa Fe",
    "pais": "Argentina",
    "telefono": "3410466497",
    "estado_civil": "Casada",
    "genero": "12345678",
    "ocupacion": "Botenica",
    "medio_transporte": "Ford Ranger",
    "usuario": 15,
    "institucion": 2
  }
},
{
  "model": "baseApp.cadete",
  "pk": 4,
  "fields": {
    "nombre": "Alonso",
    "apellido": "Lazaro",
    "fecha_nacimiento": "1994-08-11",
    "dni": "38655756",
    "domicilio": "Juan Bautista Justo 506",
    "localidad": "Rosario",
    "provincia": "Santa Fe",
    "pais": "Argentina",
    "telefono": "3416638127",
    "estado_civil": "Casado",
    "genero": "Masculino",
    "ocupacion": "Tecnico de Banco",
    "medio_transporte": "Toyota Corolla",
    "usuario": 16,
    "institucion": 3
  }
},
{
  "model": "Recoleccion.recoleccion",
  "pk": 1,
  "fields": {
    "cadete": null,
    "estado_recoleccion": 1,
    "fecha_cancelacion": null,
    "fecha_finalizacion": null,
    "motivo_cancelacion": null,
    "hora_recoleccion": null,
    "fecha_recoleccion": null,
    "fecha_inicio_recoleccion": null
  }
},
{
  "model": "Recoleccion.recoleccion",
  "pk": 2,
  "fields": {
    "cadete": 1,
    "estado_recoleccion": 1,
    "fecha_cancelacion": null,
    "fecha_finalizacion": null,
    "motivo_cancelacion": null,
    "hora_recoleccion": "22:30:00",
    "fecha_recoleccion": "2022-06-28",
    "fecha_inicio_recoleccion": null
  }
},
{
  "model": "Recoleccion.recoleccion",
  "pk": 3,
  "fields": {
    "cadete": 1,
    "estado_recoleccion": 1,
    "fecha_cancelacion": null,
    "fecha_finalizacion": null,
    "motivo_cancelacion": null,
    "hora_recoleccion": "22:30:00",
    "fecha_recoleccion": "2022-06-28",
    "fecha_inicio_recoleccion": null
  }
},
{
  "model": "Recoleccion.recoleccion",
  "pk": 4,
  "fields": {
    "cadete": 1,
    "estado_recoleccion": 1,
    "fecha_cancelacion": null,
    "fecha_finalizacion": null,
    "motivo_cancelacion": null,
    "hora_recoleccion": "22:30:00",
    "fecha_recoleccion": "2022-06-28",
    "fecha_inicio_recoleccion": null
  }
},
{
  "model": "DonacionesApp.donacion",
  "pk": 1,
  "fields": {
    "donante": 3,
    "institucion": 1,
    "fecha_creacion": "2022-03-26T00:00:00",
    "fecha_aceptacion": null,
    "fecha_cancelacion": null,
    "motivo_cancelacion": null,
    "fecha_entrega_real": null,
    "cod_estado": 1
  }
},
{
  "model": "DonacionesApp.donacion",
  "pk": 2,
  "fields": {
    "donante": 4,
    "institucion": 2,
    "fecha_creacion": "2022-06-02T22:41:15.364",
    "fecha_aceptacion": null,
    "fecha_cancelacion": null,
    "motivo_cancelacion": null,
    "fecha_entrega_real": null,
    "cod_estado": 1
  }
},
{
  "model": "DonacionesApp.donacion",
  "pk": 3,
  "fields": {
    "donante": 5,
    "institucion": 2,
    "fecha_creacion": "2022-06-02T22:41:15.364",
    "fecha_aceptacion": null,
    "fecha_cancelacion": null,
    "motivo_cancelacion": null,
    "fecha_entrega_real": null,
    "cod_estado": 1
  }
},
{
  "model": "DonacionesApp.donacion",
  "pk": 4,
  "fields": {
    "donante": 18,
    "institucion": 4,
    "fecha_creacion": "2022-07-10T00:00:00",
    "fecha_aceptacion": null,
    "fecha_cancelacion": null,
    "motivo_cancelacion": null,
    "fecha_entrega_real": null,
    "cod_estado": 1
  }
},
{
  "model": "DonacionesApp.donacion",
  "pk": 5,
  "fields": {
    "donante": 3,
    "institucion": 2,
    "fecha_creacion": "2022-08-28T11:00:12.550",
    "fecha_aceptacion": null,
    "fecha_cancelacion": null,
    "motivo_cancelacion": null,
    "fecha_entrega_real": null,
    "cod_estado": 1
  }
},
{
  "model": "DonacionesApp.donacion",
  "pk": 6,
  "fields": {
    "donante": 2,
    "institucion": 4,
    "fecha_creacion": "2022-08-28T11:14:23.598",
    "fecha_aceptacion": null,
    "fecha_cancelacion": null,
    "motivo_cancelacion": null,
    "fecha_entrega_real": null,
    "cod_estado": 3
  }
},
{
  "model": "DonacionesApp.donacion",
  "pk": 7,
  "fields": {
    "donante": 3,
    "institucion": 2,
    "fecha_creacion": "2022-08-28T11:18:32.129",
    "fecha_aceptacion": null,
    "fecha_cancelacion": null,
    "motivo_cancelacion": null,
    "fecha_entrega_real": null,
    "cod_estado": 3
  }
},
{
  "model": "DonacionesApp.donacion",
  "pk": 8,
  "fields": {
    "donante": 3,
    "institucion": 2,
    "fecha_creacion": "2022-08-28T11:36:44.647",
    "fecha_aceptacion": null,
    "fecha_cancelacion": null,
    "motivo_cancelacion": null,
    "fecha_entrega_real": null,
    "cod_estado": 3
  }
},
{
  "model": "DonacionesApp.donacion",
  "pk": 9,
  "fields": {
    "donante": 3,
    "institucion": null,
    "fecha_creacion": "2022-08-28T11:39:13.076",
    "fecha_aceptacion": null,
    "fecha_cancelacion": null,
    "motivo_cancelacion": null,
    "fecha_entrega_real": null,
    "cod_estado": 3
  }
},
{
  "model": "DonacionesApp.donacion",
  "pk": 10,
  "fields": {
    "donante": 3,
    "institucion": 2,
    "fecha_creacion": "2022-08-28T11:42:11.358",
    "fecha_aceptacion": null,
    "fecha_cancelacion": null,
    "motivo_cancelacion": null,
    "fecha_entrega_real": null,
    "cod_estado": 3
  }
},
{
  "model": "DonacionesApp.donacion",
  "pk": 11,
  "fields": {
    "donante": 3,
    "institucion": 3,
    "fecha_creacion": "2022-09-22T19:27:54.272",
    "fecha_aceptacion": "2022-09-22T19:32:10.730",
    "fecha_cancelacion": null,
    "motivo_cancelacion": null,
    "fecha_entrega_real": null,
    "cod_estado": 2
  }
},
{
  "model": "DonacionesApp.donacion",
  "pk": 12,
  "fields": {
    "donante": 3,
    "institucion": 3,
    "fecha_creacion": "2022-09-22T19:28:52.968",
    "fecha_aceptacion": null,
    "fecha_cancelacion": null,
    "motivo_cancelacion": null,
    "fecha_entrega_real": null,
    "cod_estado": 1
  }
},
{
  "model": "DonacionesApp.donacion",
  "pk": 13,
  "fields": {
    "donante": 3,
    "institucion": 3,
    "fecha_creacion": "2022-12-31T09:46:55.787",
    "fecha_aceptacion": null,
    "fecha_cancelacion": null,
    "motivo_cancelacion": null,
    "fecha_entrega_real": null,
    "cod_estado": 1
  }
},
{
  "model": "DonacionesApp.donacion",
  "pk": 14,
  "fields": {
    "donante": 3,
    "institucion": 3,
    "fecha_creacion": "2022-12-31T09:47:37.018",
    "fecha_aceptacion": null,
    "fecha_cancelacion": null,
    "motivo_cancelacion": null,
    "fecha_entrega_real": null,
    "cod_estado": 1
  }
},
{
  "model": "DonacionesApp.donacion",
  "pk": 15,
  "fields": {
    "donante": 7,
    "institucion": 3,
    "fecha_creacion": "2023-01-08T16:15:13.769",
    "fecha_aceptacion": null,
    "fecha_cancelacion": null,
    "motivo_cancelacion": null,
    "fecha_entrega_real": null,
    "cod_estado": 3
  }
},
{
  "model": "DonacionesApp.donacionmonetaria",
  "pk": 3,
  "fields": {
    "monto": 12345.0,
    "fecha_transferencia": "2022-06-26"
  }
},
{
  "model": "DonacionesApp.donacionmonetaria",
  "pk": 6,
  "fields": {
    "monto": 12500.0,
    "fecha_transferencia": "2022-08-28"
  }
},
{
  "model": "DonacionesApp.donacionmonetaria",
  "pk": 7,
  "fields": {
    "monto": 32652.0,
    "fecha_transferencia": "2022-08-28"
  }
},
{
  "model": "DonacionesApp.donacionmonetaria",
  "pk": 8,
  "fields": {
    "monto": 2566.0,
    "fecha_transferencia": "2022-08-28"
  }
},
{
  "model": "DonacionesApp.donacionmonetaria",
  "pk": 9,
  "fields": {
    "monto": 25654.0,
    "fecha_transferencia": "2022-08-28"
  }
},
{
  "model": "DonacionesApp.donacionmonetaria",
  "pk": 10,
  "fields": {
    "monto": 32654.0,
    "fecha_transferencia": "2022-08-28"
  }
},
{
  "model": "DonacionesApp.donacionmonetaria",
  "pk": 15,
  "fields": {
    "monto": 25600.0,
    "fecha_transferencia": "2023-01-08"
  }
},
{
  "model": "DonacionesApp.donacionbienes",
  "pk": 1,
  "fields": {
    "fecha_retiro": null,
    "recoleccion": 4
  }
},
{
  "model": "DonacionesApp.donacionbienes",
  "pk": 2,
  "fields": {
    "fecha_retiro": null,
    "recoleccion": 4
  }
},
{
  "model": "DonacionesApp.donacionbienes",
  "pk": 4,
  "fields": {
    "fecha_retiro": null,
    "recoleccion": null
  }
},
{
  "model": "DonacionesApp.donacionbienes",
  "pk": 5,
  "fields": {
    "fecha_retiro": null,
    "recoleccion": null
  }
},
{
  "model": "DonacionesApp.donacionbienes",
  "pk": 11,
  "fields": {
    "fecha_retiro": null,
    "recoleccion": null
  }
},
{
  "model": "DonacionesApp.donacionbienes",
  "pk": 12,
  "fields": {
    "fecha_retiro": null,
    "recoleccion": null
  }
},
{
  "model": "DonacionesApp.donacionbienes",
  "pk": 13,
  "fields": {
    "fecha_retiro": null,
    "recoleccion": null
  }
},
{
  "model": "DonacionesApp.donacionbienes",
  "pk": 14,
  "fields": {
    "fecha_retiro": null,
    "recoleccion": null
  }
},
{
  "model": "DonacionesApp.bien",
  "pk": 1,
  "fields": {
    "tipo": "1",
    "nombre": "Vestibulum fringilla dapibus",
    "descripcion": "Lorem ipsum dolor sit amet, consectetur adipiscing elit.",
    "cantidad": 8,
    "donacion": 1
  }
},
{
  "model": "DonacionesApp.bien",
  "pk": 2,
  "fields": {
    "tipo": "1",
    "nombre": "Quisque egestas",
    "descripcion": "Lorem ipsum dolor sit amet, consectetur adipiscing elit.",
    "cantidad": 2,
    "donacion": 1
  }
},
{
  "model": "DonacionesApp.bien",
  "pk": 3,
  "fields": {
    "tipo": "1",
    "nombre": "porttitor dolor",
    "descripcion": "Lorem ipsum dolor sit amet, consectetur adipiscing elit.",
    "cantidad": 8,
    "donacion": 2
  }
},
{
  "model": "DonacionesApp.bien",
  "pk": 4,
  "fields": {
    "tipo": "1",
    "nombre": "Etiam ac gravida massa",
    "descripcion": "Lorem ipsum dolor sit amet, consectetur adipiscing elit. Mauris pretium ligula aliquet enim cursus suscipit non vel urna. Mauris congue libero id ante dictum accumsan",
    "cantidad": 2,
    "donacion": 5
  }
},
{
  "model": "DonacionesApp.bien",
  "pk": 5,
  "fields": {
    "tipo": "1",
    "nombre": "Aenean at libero at lacus",
    "descripcion": "Donec nibh arcu, porta sit amet odio ac, gravida sollicitudin velit. Aliquam laoreet metus vel feugiat hendrerit. Nullam dapibus aliquet nibh sed pulvinar",
    "cantidad": 1,
    "donacion": 5
  }
},
{
  "model": "DonacionesApp.bien",
  "pk": 6,
  "fields": {
    "tipo": "3",
    "nombre": "Ut consequat, magna quis rutrum",
    "descripcion": "Suspendisse vel pretium ex, ut semper elit. Nullam vitae hendrerit magna, eget tincidunt purus. Etiam faucibus erat accumsan ultrices ultrices.",
    "cantidad": 5,
    "donacion": 5
  }
},
{
  "model": "DonacionesApp.bien",
  "pk": 7,
  "fields": {
    "tipo": "1",
    "nombre": "esto",
    "descripcion": "aquello",
    "cantidad": 7,
    "donacion": 11
  }
},
{
  "model": "DonacionesApp.bien",
  "pk": 8,
  "fields": {
    "tipo": "1",
    "nombre": "Esto es un objeto",
    "descripcion": "Esta es una descripcion",
    "cantidad": 5,
    "donacion": 13
  }
},
{
  "model": "DonacionesApp.bien",
  "pk": 9,
  "fields": {
    "tipo": "2",
    "nombre": "Esto es otro objeto",
    "descripcion": "Esta es otra descripcion",
    "cantidad": 2,
    "donacion": 13
  }
},
{
  "model": "DonacionesApp.bien",
  "pk": 10,
  "fields": {
    "tipo": "3",
    "nombre": "El ultimo",
    "descripcion": "La ultima",
    "cantidad": 1,
    "donacion": 13
  }
},
{
  "model": "DonacionesApp.bien",
  "pk": 11,
  "fields": {
    "tipo": "1",
    "nombre": "Algo",
    "descripcion": "Nada",
    "cantidad": 77,
    "donacion": 14
  }
},
{
  "model": "noticias.etiqueta",
  "pk": 1,
  "fields": {
    "nombre": "etiqueta1"
  }
},
{
  "model": "noticias.etiqueta",
  "pk": 2,
  "fields": {
    "nombre": "etiqueta2"
  }
},
{
  "model": "noticias.etiqueta",
  "pk": 3,
  "fields": {
    "nombre": "etiqueta3"
  }
},
{
  "model": "noticias.reaccion",
  "pk": 1,
  "fields": {
    "descripcion": "reaccion1"
  }
},
{
  "model": "noticias.reaccion",
  "pk": 2,
  "fields": {
    "descripcion": "reaccion2"
  }
},
{
  "model": "noticias.reaccion",
  "pk": 3,
  "fields": {
    "descripcion": "reaccion3"
  }
},
{
  "model": "noticias.noticia",
  "pk": 1,
  "fields": {
    "titulo": "Esta es la primera Noticia",
    "descripcion": "Lorem ipsum dolor sit amet,",
    "fecha_publicacion": "2022-07-17T16:42:00",
    "autores": "Fulano",
    "institucion": 3,
    "usuario": 12,
    "etiquetas": [
      1,
      2
    ],
    "reacciones": [
      1
    ]
  }
},
{
  "model": "noticias.noticia",
  "pk": 2,
  "fields": {
    "titulo": "Esta es la segunda noticia",
    "descripcion": "Lorem ipsum dolor sit amet, consectetur adipiscing elit. Cras dapibus massa magna, tincidunt venenatis velit vestibulum vitae. Nulla facilisi. Fusce quis congue ex.",
    "fecha_publicacion": "2022-07-29T18:57:00",
    "autores": "Yo",
    "institucion": 3,
    "usuario": 12,
    "etiquetas": [
      1,
      2
    ],
    "reacciones": [
      1
    ]
  }
},
{
  "model": "noticias.noticia",
  "pk": 3,
  "fields": {
    "titulo": "Esta es la tercera",
    "descripcion": "oeidrn",
    "fecha_publicacion": "2022-08-18T20:13:26.286",
    "autores": "euidrns",
    "institucion": 1,
    "usuario": 1,
    "etiquetas": [
      2
    ],
    "reacciones": []
  }
},
{
  "model": "noticias.noticia",
  "pk": 4,
  "fields": {
    "titulo": "Esta es otra mas",
    "descripcion": "horaluraocerbhoc duhco baeutd asohce",
    "fecha_publicacion": "2022-08-20T10:38:58.650",
    "autores": "SASASA",
    "institucion": 3,
    "usuario": 12,
    "etiquetas": [
      2
    ],
    "reacciones": []
  }
},
{
  "model": "noticias.comentariopublicacion",
  "pk": 1,
  "fields": {
    "texto_comentario": "Esto es un comentario",
    "fecha_publicacion": "2022-07-24T11:22:19.545",
    "usuario": 1,
    "noticia": 1,
    "comentario_dirigido": null,
    "reacciones": []
  }
},
{
  "model": "noticias.comentariopublicacion",
  "pk": 2,
  "fields": {
    "texto_comentario": "Esto es un comentario de un comentario",
    "fecha_publicacion": "2022-07-24T13:10:19.125",
    "usuario": 1,
    "noticia": null,
    "comentario_dirigido": 1,
    "reacciones": []
  }
},
{
  "model": "noticias.comentariopublicacion",
  "pk": 3,
  "fields": {
    "texto_comentario": "Lorem ipsum dolor sit amet, consectetur adipiscing elit. Curabitur id purus libero. Maecenas cursus est eget magna tincidunt, vel blandit.",
    "fecha_publicacion": "2022-07-28T20:20:00",
    "usuario": 3,
    "noticia": 1,
    "comentario_dirigido": null,
    "reacciones": [
      1,
      2
    ]
  }
},
{
  "model": "noticias.comentariopublicacion",
  "pk": 4,
  "fields": {
    "texto_comentario": "Lorem ipsum dolor sit amet, consectetur adipiscing elit.",
    "fecha_publicacion": "2022-07-29T18:59:00",
    "usuario": 1,
    "noticia": 2,
    "comentario_dirigido": null,
    "reacciones": [
      2,
      3
    ]
  }
},
{
  "model": "noticias.comentariopublicacion",
  "pk": 5,
  "fields": {
    "texto_comentario": "Lorem ipsum dolor sit ametaoeuaoeu",
    "fecha_publicacion": "2022-08-23T20:10:05.774",
    "usuario": 12,
    "noticia": 1,
    "comentario_dirigido": null,
    "reacciones": []
  }
},
{
  "model": "noticias.comentariopublicacion",
  "pk": 6,
  "fields": {
    "texto_comentario": "Lorem ipsum  adipiscing elit.",
    "fecha_publicacion": "2022-08-23T20:11:50.079",
    "usuario": 4,
    "noticia": 4,
    "comentario_dirigido": null,
    "reacciones": []
  }
},
{
  "model": "noticias.comentariopublicacion",
  "pk": 7,
  "fields": {
    "texto_comentario": "aouxed eprd epyd ui depy",
    "fecha_publicacion": "2022-08-23T22:09:53.373",
    "usuario": 4,
    "noticia": 1,
    "comentario_dirigido": null,
    "reacciones": []
  }
},
{
  "model": "ApadrinamientoApp.chicos",
  "pk": 1,
  "fields": {
    "nombre": "aoeuitn",
    "apellido": "ouidrt",
    "edad": 10,
    "descripcion": "oeuidrt",
    "institucion": 3,
    "fotografia": "Captura.JPG"
  }
},
{
  "model": "ApadrinamientoApp.chicos",
  "pk": 2,
  "fields": {
    "nombre": "aaaa",
    "apellido": "aaaa",
    "edad": 15,
    "descripcion": "Lorem ipsum dolor sit amet, consectetur adipiscing elit.",
    "institucion": 3,
    "fotografia": "aIngresos2.JPG"
  }
},
{
  "model": "ApadrinamientoApp.chicos",
  "pk": 3,
  "fields": {
    "nombre": "Juan",
    "apellido": "aaa",
    "edad": 2,
    "descripcion": "oeidrn",
    "institucion": 3,
    "fotografia": "aCantAutos1.JPG"
  }
},
{
  "model": "ApadrinamientoApp.chicos",
  "pk": 4,
  "fields": {
    "nombre": "segundo",
    "apellido": "segundo",
    "edad": 10,
    "descripcion": "Lorem ipsum dolor sit amet, rdiueidrt",
    "institucion": 3,
    "fotografia": "aHijos1.JPG"
  }
},
{
  "model": "ApadrinamientoApp.chicos",
  "pk": 5,
  "fields": {
    "nombre": "Lucas",
    "apellido": "primero",
    "edad": 13,
    "descripcion": "horaluraocerbhoc duhco baeutd asohce",
    "institucion": 3,
    "fotografia": "Diagrama-1.JPG"
  }
},
{
  "model": "ApadrinamientoApp.solicitudapadrinamiento",
  "pk": 1,
  "fields": {
    "cod_estado": 1,
    "motivo_FS": null,
    "fecha_creacion": "2023-01-08T16:33:56.346",
    "fecha_aceptacion": null,
    "fecha_cancelacion": null,
    "motivo_cancelacion": null,
    "dni_frente": "",
    "dni_dorso": "",
    "recibo_sueldo": "",
    "acta_matrimonio": "",
    "visita": false,
    "fecha_visita": null,
    "chico_apadrinado": 3
  }
},
{
  "model": "ApadrinamientoApp.solicitudapadrinamiento",
  "pk": 2,
  "fields": {
    "cod_estado": 1,
    "motivo_FS": null,
    "fecha_creacion": "2023-01-08T16:36:17.116",
    "fecha_aceptacion": null,
    "fecha_cancelacion": null,
    "motivo_cancelacion": null,
    "dni_frente": "",
    "dni_dorso": "",
    "recibo_sueldo": "",
    "acta_matrimonio": "",
    "visita": true,
    "fecha_visita": "2023-08-05T15:00:00",
    "chico_apadrinado": 5
  }
},
{
  "model": "authtoken.token",
  "pk": "86a379a8441003218a8660764d2418c7cbe81e90",
  "fields": {
    "user": 1,
    "created": "2022-07-24T17:33:54.958"
  }
},
{
  "model": "authtoken.token",
  "pk": "daf44101dbcbb9e73f85cd5d5cceec35dc894d94",
  "fields": {
    "user": 10,
    "created": "2022-07-24T18:27:35.948"
  }
}
]
